{"train_reward": [5.0, 0.0, 1.0, 5.0, 0.0, 0.0, 2.0, 5.0, 1.0, 0.0, 4.0, 3.0, 2.0, 4.0, 0.0, 1.0, 2.0, 2.0, 1.0, 1.0, 3.0, 0.0, 1.0, 0.0, 2.0, 0.0, 0.0, 0.0, 4.0, 0.0, 2.0, 2.0, 0.0, 1.0, 2.0, 0.0, 4.0, 1.0, 0.0, 1.0, 0.0, 0.0, 1.0, 0.0, 0.0, 0.0, 2.0, 4.0, 0.0, 1.0, 2.0, 3.0, 8.0, 1.0, 3.0, 0.0, 6.0, 0.0, 1.0, 4.0, 0.0, 2.0, 4.0, 1.0, 0.0, 3.0, 2.0, 1.0, 4.0, 0.0, 1.0, 1.0, 7.0, 1.0, 6.0, 1.0, 1.0, 1.0, 4.0, 2.0, 3.0, 3.0, 0.0, 3.0, 0.0], "step": [5005, 5170, 5264, 5342, 5455, 5530, 5756, 5897, 6051, 6136, 6301, 6575, 6785, 7007, 7077, 7166, 7213, 7422, 7530, 7674, 7728, 7816, 8037, 8104, 8254, 8300, 8380, 8497, 8822, 8854, 9064, 9137, 9606, 9708, 10387, 10564, 10990, 11128, 11167, 11295, 11409, 11439, 11642, 12055, 12122, 12550, 12693, 13134, 13203, 13367, 13509, 13778, 14043, 14147, 14282, 14325, 14548, 14600, 14785, 15061, 15077, 15294, 15518, 15645, 15676, 16406, 16531, 16625, 16880, 16960, 17047, 17171, 17512, 17644, 18081, 18299, 18812, 18955, 19156, 19270, 19488, 19630, 19712, 20003, 20123], "train_count": [10, 10, 10, 11, 11, 11, 11, 12, 12, 12, 13, 13, 14, 14, 14, 14, 15, 15, 15, 15, 16, 16, 16, 16, 17, 17, 17, 17, 18, 18, 18, 19, 20, 20, 21, 22, 22, 23, 23, 23, 23, 23, 24, 25, 25, 26, 26, 27, 27, 27, 28, 28, 29, 29, 29, 29, 30, 30, 30, 31, 31, 31, 32, 32, 32, 34, 34, 34, 35, 35, 35, 35, 36, 36, 37, 38, 39, 39, 39, 40, 40, 40, 41, 41, 41], "train_loss": [72.753662109375, 6.524241924285889, 15.847569465637207, 10.116135597229004, 45.81086730957031, -1.1432266235351562, 24.64084243774414, -32.31278610229492, 41.82234573364258, 2.6870665550231934, -2.6387734413146973, -11.559256553649902, -12.647249221801758, 1.3063139915466309, 19.403709411621094, -4.578253269195557, -26.32956314086914, -14.168445587158203, -12.019319534301758, 40.24822998046875, 21.098297119140625, -25.278274536132812, -2.9364335536956787, -45.87116622924805, -5.795643329620361, 6.901580810546875, 31.0667781829834, 15.31533145904541, 27.38947296142578, 13.333953857421875, -4.801813125610352, 10.596214294433594, 23.21745491027832, 124.24182891845703, -13.06791877746582, -36.325645446777344, -8.745070457458496, 6.744497776031494, 9.388595581054688, -12.46241569519043, -6.056471824645996], "trajectory_length": [685, 165, 94, 542, 113, 75, 226, 617, 154, 85, 541, 274, 545, 222, 70, 89, 493, 209, 108, 144, 528, 88, 221, 67, 574, 46, 80, 117, 662, 32, 210, 497, 22, 102, 311, 108, 426, 233, 39, 128, 114, 30, 156, 61, 67, 126, 143, 317, 69, 164, 125, 269, 586, 104, 135, 43, 520, 52, 185, 354, 16, 217, 208, 127, 31, 444, 125, 94, 438, 80, 87, 124, 499, 132, 394, 134, 234, 143, 201, 165, 218, 142, 98, 291, 120]}