{"train_reward": [4.0, 1.0, 0.0, 0.0, 5.0, 3.0, 0.0, 0.0, 1.0, 2.0, 1.0, 1.0, 1.0, 1.0, 0.0, 0.0, 2.0, 2.0, 2.0, 1.0, 0.0, 1.0, 2.0, 1.0, 1.0, 0.0, 1.0, 0.0, 2.0, 0.0, 2.0, 0.0, 0.0, 1.0, 0.0, 0.0, 4.0, 1.0, 7.0, 0.0, 0.0, 7.0, 0.0, 2.0, 0.0, 1.0, 2.0, 0.0, 1.0, 0.0, 0.0, 1.0, 0.0, 1.0, 3.0, 2.0, 1.0, 0.0, 5.0, 0.0, 0.0, 2.0, 0.0, 0.0, 3.0, 0.0, 1.0, 1.0, 2.0, 2.0, 3.0, 1.0, 2.0, 2.0, 3.0, 0.0, 6.0, 1.0, 1.0, 0.0, 4.0, 2.0, 1.0, 0.0, 2.0, 2.0, 2.0, 2.0], "step": [4878, 5020, 5155, 5261, 5356, 5855, 5890, 5975, 6183, 6293, 6406, 6480, 6666, 6743, 6851, 6927, 7152, 7226, 7412, 7529, 7654, 7704, 7849, 7981, 8043, 8102, 8181, 8297, 8521, 8583, 8658, 8801, 8846, 9184, 9260, 9333, 9779, 9885, 10272, 10409, 10481, 10893, 11113, 11347, 11568, 11693, 11900, 11988, 12121, 12281, 12363, 13046, 13139, 13198, 13485, 13676, 13829, 13845, 14161, 14225, 14323, 14744, 14824, 14887, 15053, 15086, 15312, 15509, 15643, 15823, 16003, 16104, 16312, 16532, 16845, 16957, 17366, 17498, 17664, 17694, 18023, 18199, 18262, 18363, 18585, 19324, 19471, 19989], "train_count": [10, 10, 10, 10, 11, 12, 12, 12, 12, 13, 13, 13, 13, 14, 14, 14, 14, 15, 15, 15, 15, 16, 16, 16, 16, 16, 17, 17, 17, 17, 18, 18, 18, 19, 19, 19, 20, 20, 21, 21, 21, 22, 23, 23, 24, 24, 24, 24, 25, 25, 25, 27, 27, 27, 28, 28, 28, 28, 29, 29, 29, 30, 30, 31, 31, 31, 31, 32, 32, 32, 33, 33, 33, 34, 35, 35, 36, 36, 36, 36, 37, 37, 38, 38, 38, 40, 40, 41], "train_loss": [222.70123291015625, 7.873391151428223, 13.157035827636719, 7.986041069030762, 31.43060874938965, 1.4534368515014648, -11.672273635864258, -7.1645612716674805, -1.5622663497924805, 6.064687728881836, -7.238717079162598, 43.12199401855469, 8.793560028076172, -0.738494873046875, -8.62142562866211, 1.8082656860351562, 4.188112735748291, -27.617595672607422, -6.534695625305176, 12.487106323242188, 119.16357421875, -32.58919143676758, 158.81448364257812, 61.93370056152344, -26.85885238647461, 10.82928466796875, 78.65489196777344, 24.64972496032715, -57.53300476074219, -40.314231872558594, -68.53520202636719, -12.817480087280273, 15.555316925048828, -8.756978988647461, -22.544267654418945, -15.303214073181152, -25.44599723815918, -5.490025520324707, -1.3374876976013184, 39.261417388916016, 59.867427825927734], "trajectory_length": [558, 142, 135, 106, 556, 575, 35, 85, 208, 533, 113, 74, 186, 503, 108, 76, 225, 506, 186, 117, 125, 504, 145, 132, 62, 59, 501, 116, 224, 62, 498, 143, 45, 544, 76, 73, 198, 106, 596, 137, 72, 390, 127, 234, 96, 125, 207, 88, 147, 160, 82, 143, 93, 59, 319, 191, 153, 16, 508, 64, 98, 539, 80, 86, 166, 33, 226, 296, 134, 180, 336, 101, 208, 224, 162, 112, 624, 132, 166, 30, 505, 176, 99, 101, 222, 180, 147, 357]}