{"train_reward": [1.0, 3.0, 1.0, 0.0, 1.0, 0.0, 2.0, 0.0, 0.0, 2.0, 2.0, 1.0, 0.0, 2.0, 0.0, 3.0, 1.0, 1.0, 0.0, 1.0, 4.0, 0.0, 5.0, 3.0, 2.0, 4.0, 2.0, 0.0, 3.0, 0.0, 1.0, 0.0, 1.0, 0.0, 0.0, 1.0, 2.0, 0.0, 0.0, 0.0, 2.0, 0.0, 0.0, 5.0, 2.0, 0.0, 2.0, 1.0, 0.0, 4.0, 0.0, 0.0, 12.0, 2.0, 1.0, 0.0, 0.0, 0.0, 1.0, 1.0, 8.0, 0.0, 8.0, 3.0, 3.0, 4.0, 0.0, 3.0, 6.0, 1.0, 1.0, 1.0, 2.0, 0.0, 0.0, 0.0, 2.0, 1.0, 0.0, 0.0, 4.0, 1.0, 0.0, 0.0, 1.0, 2.0, 0.0, 0.0, 9.0], "step": [4879, 5047, 5153, 5217, 5357, 5403, 5522, 5606, 5696, 5825, 5976, 6089, 6184, 6256, 6383, 6616, 6742, 6855, 6928, 7138, 7383, 7459, 7741, 8142, 8178, 8585, 9133, 9259, 9460, 9598, 9714, 9866, 10265, 10345, 10440, 10555, 11121, 11217, 11305, 11460, 11695, 11756, 11838, 12040, 12314, 12439, 12620, 12715, 12840, 13153, 13166, 13279, 13472, 13597, 13671, 13756, 13896, 13952, 14138, 14291, 14810, 14918, 15370, 15518, 15804, 16159, 16320, 16420, 16754, 16862, 16967, 17095, 17369, 17456, 17538, 17671, 17773, 17984, 18109, 18227, 18630, 18772, 18869, 19269, 19347, 19491, 19524, 19642, 20144], "train_count": [10, 10, 10, 10, 11, 11, 11, 11, 11, 12, 12, 12, 12, 13, 13, 13, 14, 14, 14, 14, 15, 15, 16, 16, 17, 17, 19, 19, 19, 19, 20, 20, 21, 21, 21, 21, 23, 23, 23, 23, 24, 24, 24, 25, 25, 25, 26, 26, 26, 27, 27, 27, 28, 28, 28, 28, 28, 29, 29, 29, 30, 31, 32, 32, 32, 33, 33, 34, 34, 35, 35, 35, 36, 36, 36, 36, 37, 37, 37, 37, 38, 39, 39, 40, 40, 40, 40, 40, 41], "train_loss": [-6.5211873054504395, -0.4876389503479004, 21.491092681884766, 82.27783203125, 1.1528654098510742, 73.60751342773438, 46.76314926147461, -0.9138321876525879, -1.049086093902588, -12.902107238769531, 8.160440444946289, -13.342024803161621, 58.54611587524414, 44.74889373779297, 8.529155731201172, 22.091611862182617, -2.110081195831299, 0.6830072402954102, 25.627399444580078, -23.73482322692871, -3.0874714851379395, -76.75534057617188, 88.43456268310547, -66.62162780761719, 32.0342903137207, -40.695194244384766, 1.990588665008545, 10.267578125, -35.91850280761719, 15.285720825195312, 86.38993835449219, 11.811704635620117, 65.98937225341797, -5.763216495513916, 48.29285430908203, 26.194644927978516, -26.599149703979492, -84.52669525146484, 15.154236793518066, 30.73511505126953, 1.9143891334533691], "trajectory_length": [559, 168, 106, 64, 557, 46, 119, 84, 90, 545, 151, 113, 95, 496, 127, 233, 502, 113, 73, 210, 663, 76, 541, 401, 498, 407, 493, 126, 201, 138, 177, 152, 249, 80, 95, 115, 185, 96, 88, 155, 237, 61, 82, 261, 274, 125, 158, 95, 125, 248, 13, 113, 992, 125, 74, 85, 140, 34, 186, 153, 624, 43, 546, 148, 286, 379, 161, 262, 334, 103, 105, 128, 209, 87, 82, 133, 174, 211, 125, 118, 414, 161, 97, 139, 78, 144, 33, 118, 906]}